class_id,name,passed,failed_checks,severity,radius,sliced_w1,grid_js,precision,coverage,sliced_w1_threshold,grid_js_threshold,precision_threshold,coverage_threshold
29,Spiral 10,False,grid_js;precision;coverage,3.5347679104793532,0.053311653435230255,0.03510121628642082,0.4516383707523346,0.5730000138282776,0.8510000109672546,0.05562441051006317,0.3304452896118164,0.879199993610382,0.8844000220298767
28,Spiral 09,False,grid_js;precision;coverage,3.393938799170206,0.05494091659784317,0.05591753497719765,0.3997533321380615,0.6639999747276306,0.8880000114440918,0.07702376134693623,0.3241598457098007,0.9009999752044677,0.8899999976158142
68,Lissajous 09,False,grid_js;precision;coverage,3.3931780395079274,0.05849973484873772,0.03616267442703247,0.45805665850639343,0.621999979019165,0.8410000205039978,0.0967944860458374,0.37007850408554077,0.8886000037193298,0.8990000009536743
58,Star 09,False,grid_js;precision;coverage,3.326886346141185,0.05755482614040375,0.04409881681203842,0.4314177632331848,0.656000018119812,0.8730000257492065,0.06421681679785252,0.36752332001924515,0.8966000199317932,0.8995999813079834
27,Spiral 08,False,grid_js;precision;coverage,3.294348048714089,0.051800549030303955,0.03447866067290306,0.3865606486797333,0.6620000004768372,0.8579999804496765,0.041394637897610664,0.2900591790676117,0.8974000334739685,0.8979999542236328
61,Lissajous 02,False,grid_js;precision;coverage,3.2879377477028133,0.05469255521893501,0.06860274821519852,0.4067840278148651,0.6620000004768372,0.7960000038146973,0.11058786883950233,0.34782470762729645,0.8972000002861023,0.8894000172615051
60,Lissajous 01,False,grid_js;precision;coverage,3.155339838598715,0.050700776278972626,0.047539710998535156,0.41390687227249146,0.6100000143051147,0.796999990940094,0.10500602424144745,0.31488747149705887,0.8764000058174133,0.879199993610382
56,Star 07,False,grid_js;precision;coverage,3.048288501739986,0.05140548571944237,0.02706216089427471,0.3433656096458435,0.6970000267028809,0.8700000047683716,0.052369410172104836,0.31553252041339874,0.9005999684333801,0.8976000070571899
62,Lissajous 03,False,grid_js;precision;coverage,2.9636048061382234,0.05781587213277817,0.03587464243173599,0.45290762186050415,0.6579999923706055,0.796999990940094,0.0656299777328968,0.4271431714296341,0.8845999956130981,0.8650000214576721
59,Star 10,False,grid_js;precision;coverage,2.933005955885367,0.05411144345998764,0.03314660117030144,0.4144744575023651,0.640999972820282,0.843999981880188,0.06087810918688774,0.3671155571937561,0.8775999665260314,0.8854000091552734
26,Spiral 07,False,grid_js;precision;coverage,2.918409967493021,0.051080260425806046,0.04210282117128372,0.33286410570144653,0.7210000157356262,0.8769999742507935,0.06276746280491352,0.2689524292945862,0.9044000029563903,0.9051999568939209
1,Checkerboard 5x5,False,precision;coverage,2.8942485274942737,0.07166717201471329,0.050328973680734634,0.5031135082244873,0.6880000233650208,0.847000002861023,0.08597121387720108,0.5451672524213791,0.8922000050544738,0.8894000172615051
3,Checkerboard 7x7,False,precision;coverage,2.873134199728242,0.07692138105630875,0.04248475655913353,0.5260859131813049,0.6919999718666077,0.8939999938011169,0.09364876337349415,0.5728066116571426,0.8927999854087829,0.8990000009536743
25,Spiral 06,False,grid_js;precision,2.797131989761188,0.049248237162828445,0.03220374882221222,0.32096901535987854,0.7269999980926514,0.9049999713897705,0.06822241097688675,0.2503799647092819,0.9024000287055969,0.8998000144958496
32,Rose 03,False,grid_js;precision;coverage,2.6813880437584614,0.054107699543237686,0.06721872091293335,0.41541433334350586,0.6600000262260437,0.8600000143051147,0.07075522653758526,0.3689858615398407,0.8732000112533569,0.8741999983787536
57,Star 08,False,grid_js;precision;coverage,2.6064906907354923,0.05737371742725372,0.03667288273572922,0.35488370060920715,0.7429999709129333,0.9010000228881836,0.07133465074002743,0.343773677945137,0.9013999819755554,0.9052000164985656
77,Wave 08,False,grid_js;precision;coverage,2.574955186149355,0.04789159074425697,0.057112917304039,0.32506901025772095,0.7080000042915344,0.8600000143051147,0.07803565263748169,0.27053341269493103,0.8865999698638916,0.8775999665260314
2,Checkerboard 6x6,False,precision;coverage,2.572202033034524,0.07371575385332108,0.03986654803156853,0.5007443428039551,0.7149999737739563,0.8830000162124634,0.07523651048541069,0.5340853482484818,0.8891999840736389,0.8857999563217163
79,Wave 10,False,grid_js;precision;coverage,2.563177720678752,0.050808560103178024,0.038221325725317,0.33237555623054504,0.7160000205039978,0.8519999980926514,0.06740742176771164,0.31467070430517197,0.8892000436782836,0.8736000180244445
34,Rose 05,False,precision,2.4599996256828742,0.06834229826927185,0.032272819429636,0.42352133989334106,0.7540000081062317,0.8999999761581421,0.07369673252105713,0.4902534484863281,0.899999988079071,0.8863999962806701
52,Star 03,False,grid_js;precision;coverage,2.4261985863366395,0.041292063891887665,0.03222299739718437,0.25962215662002563,0.7369999885559082,0.8820000290870667,0.07581263221800327,0.2149892896413803,0.89159996509552,0.8931999921798706
76,Wave 07,False,grid_js;precision,2.4120084744737813,0.04725441709160805,0.05503910034894943,0.2715368866920471,0.7670000195503235,0.9089999794960022,0.058187395334243774,0.2621064931154251,0.9034000158309936,0.9002000212669372
78,Wave 09,False,grid_js;precision;coverage,2.384751925763887,0.047796592116355896,0.027861513197422028,0.3051782250404358,0.7310000061988831,0.8659999966621399,0.05356532335281372,0.27803338319063187,0.8872000098228454,0.8779999732971191
5,Checkerboard 9x9,False,precision;coverage,2.34104047902387,0.07997740060091019,0.0263079684227705,0.5101115107536316,0.7570000290870667,0.8930000066757202,0.08110426180064678,0.5986270755529404,0.8962000131607055,0.9051999568939209
55,Star 06,False,grid_js;precision;coverage,2.336065277429269,0.04731620475649834,0.040361300110816956,0.3298465609550476,0.7149999737739563,0.8450000286102295,0.08905701711773872,0.3123648092150688,0.8779999732971191,0.8873999834060669
39,Rose 10,False,precision,2.3305955177306066,0.0693979263305664,0.03778243809938431,0.3778454065322876,0.7730000019073486,0.9120000004768372,0.0629686787724495,0.4117400497198105,0.9026000022888183,0.9078000307083129
63,Lissajous 04,False,precision;coverage,2.3176658477228123,0.06246998533606529,0.03365793451666832,0.41319358348846436,0.7139999866485596,0.847000002861023,0.05749146267771721,0.4364413172006607,0.8765999794006347,0.8808000206947326
54,Star 05,False,grid_js;precision;coverage,2.2897200686868437,0.046878889203071594,0.038919705897569656,0.2886819541454315,0.7549999952316284,0.8880000114440918,0.06986545398831367,0.2696184441447258,0.8930000185966491,0.8902000308036804
65,Lissajous 06,False,precision;coverage,2.2038840479874215,0.0657438114285469,0.04770442098379135,0.4000149965286255,0.7730000019073486,0.8740000128746033,0.09579380974173546,0.4381321370601654,0.8970000267028808,0.9009999752044677
4,Checkerboard 8x8,False,precision,2.19710558662373,0.08036118000745773,0.05748976767063141,0.4966903328895569,0.7570000290870667,0.9290000200271606,0.07722317799925804,0.5823334157466888,0.8893999576568603,0.8913999915122985
67,Lissajous 08,False,precision;coverage,2.1953569728876206,0.0721658393740654,0.04829864203929901,0.4507755637168884,0.7730000019073486,0.8859999775886536,0.07011404447257519,0.47925518453121185,0.8965999603271484,0.8931999921798706
64,Lissajous 05,False,precision,2.19246121616696,0.07340643554925919,0.0663246288895607,0.4322972297668457,0.7789999842643738,0.9240000247955322,0.10231659561395645,0.46485865116119385,0.8992000341415405,0.8984000205993652
33,Rose 04,False,grid_js;precision,2.0879121658878206,0.04795217514038086,0.050793059170246124,0.2736782133579254,0.7720000147819519,0.8980000019073486,0.06072094291448593,0.2591095268726349,0.8908000111579895,0.8962000131607055
66,Lissajous 07,False,precision;coverage,2.044673479689715,0.07035468518733978,0.042540498077869415,0.4238688051700592,0.7620000243186951,0.8830000162124634,0.08732200227677822,0.4814843237400055,0.8836000084877014,0.8922000050544738
6,Checkerboard 10x10,False,precision,1.9179391711699079,0.08113076537847519,0.07539545744657516,0.5273895859718323,0.7990000247955322,0.9089999794960022,0.08970045112073421,0.5968991965055466,0.8952000260353088,0.8886000037193298
53,Star 04,False,precision,1.9117650603650513,0.04328998923301697,0.022611841559410095,0.24165092408657074,0.7919999957084656,0.890999972820282,0.05540183745324612,0.24629954248666763,0.8912000179290771,0.8868000030517578
75,Wave 06,False,grid_js;precision,1.854838373716537,0.04135989770293236,0.05997103825211525,0.22850430011749268,0.7929999828338623,0.8920000195503235,0.0782657079398632,0.22202711552381516,0.8883999705314636,0.8859999895095825
69,Lissajous 10,False,precision,1.7461671261742213,0.06891298294067383,0.03885892406105995,0.42926353216171265,0.7950000166893005,0.8820000290870667,0.09089072607457638,0.4844146817922592,0.8826000213623046,0.8729999780654907
31,Rose 02,False,grid_js;precision,1.6877260862090069,0.039837561547756195,0.024107536301016808,0.21092458069324493,0.8130000233650208,0.9150000214576721,0.08781437203288078,0.1991894245147705,0.8892000436782836,0.885800015926361
35,Rose 06,False,precision;coverage,1.6666668548126629,0.05590943619608879,0.053465504199266434,0.29915982484817505,0.8240000009536743,0.878000020980835,0.10513338446617126,0.3211321234703064,0.8944000124931335,0.9063999772071838
36,Rose 07,False,precision,1.6459077375112865,0.07368776947259903,0.035443469882011414,0.41704630851745605,0.8149999976158142,0.9290000200271606,0.10343077406287193,0.47523464262485504,0.8876000165939331,0.8987999677658081
74,Wave 05,False,grid_js;precision,1.6404889911356542,0.04004129394888878,0.03520475700497627,0.21789942681789398,0.8119999766349792,0.9160000085830688,0.07568966969847679,0.196018785238266,0.8854000091552734,0.8980000138282775
7,Checkerboard 11x11,False,precision,1.5349258431944828,0.08137199282646179,0.027875540778040886,0.4732752740383148,0.8330000042915344,0.9480000138282776,0.07185378111898899,0.6192136108875275,0.8911999583244323,0.8904000043869018
38,Rose 09,False,precision,1.515151942756053,0.07551118731498718,0.04341695085167885,0.41592299938201904,0.8399999737739563,0.9390000104904175,0.05858244560658932,0.5108136981725693,0.8944000124931335,0.8985999941825866
89,Gaussian Ring 10,False,grid_js;precision,1.5033222163739697,0.03506933152675629,0.042188674211502075,0.15523648262023926,0.8190000057220459,0.9300000071525574,0.07270225323736668,0.12769071757793427,0.8796000003814697,0.898199987411499
8,Checkerboard 12x12,False,precision,1.3867190364908502,0.0854293629527092,0.03240041062235832,0.4984700083732605,0.8579999804496765,0.9380000233650208,0.11369935423135757,0.6404920667409897,0.8976000070571899,0.8895999908447265
30,Rose 01,False,precision,1.3643411182238292,0.043037593364715576,0.024508338421583176,0.25299185514450073,0.8240000009536743,0.878000020980835,0.07162580452859402,0.2667086273431778,0.8710000038146972,0.8729999780654907
37,Rose 08,False,precision,1.3594890054442532,0.06160728633403778,0.04235660657286644,0.302609384059906,0.8510000109672546,0.9150000214576721,0.05598555877804756,0.36481234431266785,0.8904000043869018,0.9006000280380249
50,Star 01,False,precision,1.3195692970364927,0.035679835826158524,0.03495911508798599,0.1517903357744217,0.8529999852180481,0.9269999861717224,0.06340185552835464,0.15975840389728546,0.8886000037193298,0.899999988079071
0,Checkerboard 4x4,False,precision,1.307300537686584,0.07138524949550629,0.0552440881729126,0.40535691380500793,0.8460000157356262,0.902999997138977,0.08379479683935642,0.5230985730886459,0.882200014591217,0.8990000009536743
42,Polygon 03,False,precision,1.2800000572204515,0.04003876447677612,0.04161933809518814,0.17245058715343475,0.871999979019165,0.9359999895095825,0.08106730878353119,0.19641995429992676,0.899999988079071,0.9026000022888183
73,Wave 04,False,grid_js;precision,1.25523021421885,0.040217988193035126,0.035114653408527374,0.17526325583457947,0.8799999952316284,0.921999990940094,0.08297176100313663,0.17470110207796097,0.9044000029563903,0.8929999589920044
9,Checkerboard 13x13,False,precision,1.233766442008382,0.08546042442321777,0.03151911497116089,0.4724022150039673,0.8669999837875366,0.9369999766349792,0.06901359558105469,0.6399252712726593,0.8922000050544738,0.9012000083923339
45,Polygon 06,False,precision,1.2059860900812938,0.036789488047361374,0.035937294363975525,0.16353000700473785,0.8629999756813049,0.9139999747276306,0.07012786902487278,0.17883778363466263,0.8863999962806701,0.8911999583244323
51,Star 02,False,precision,1.1305151288446642,0.039975762367248535,0.03813088685274124,0.18348665535449982,0.8769999742507935,0.9380000233650208,0.08012922294437885,0.21988463401794434,0.8912000179290771,0.8959999799728393
24,Spiral 05,False,precision,1.123047045530268,0.044281553477048874,0.02899758890271187,0.20898376405239105,0.8849999904632568,0.9200000166893005,0.046703475527465343,0.22880758345127106,0.8976000070571899,0.8959999799728393
71,Wave 02,False,precision,1.1133605632470485,0.0316920205950737,0.06288325041532516,0.1137649342417717,0.8899999856948853,0.9359999895095825,0.06848274171352386,0.12852688506245613,0.9012000083923339,0.8925999522209167
44,Polygon 05,False,precision,1.096579402056467,0.04020966961979866,0.03389739245176315,0.15720516443252563,0.890999972820282,0.9470000267028809,0.09360044449567795,0.2081112563610077,0.9005999684333801,0.8982000470161438
20,Spiral 01,False,precision,1.0961213860160663,0.030323462560772896,0.06406965851783752,0.10894609987735748,0.8700000047683716,0.9139999747276306,0.09078947268426418,0.12823257967829704,0.8814000010490417,0.8777999997138977
72,Wave 03,False,precision,1.0497835525760684,0.03771664947271347,0.03332578390836716,0.12850579619407654,0.902999997138977,0.9390000104904175,0.06279058009386063,0.14563626050949097,0.9075999975204467,0.9020000219345092
83,Gaussian Ring 04,False,grid_js,1.042182554519932,0.03007221594452858,0.07268340140581131,0.06873390078544617,0.9459999799728394,0.9670000076293945,0.16898216307163239,0.06595188193023205,0.9075999975204467,0.9203999757766723
40,Polygon 01,False,precision,1.0393257799892262,0.0356798879802227,0.047064632177352905,0.13344725966453552,0.8889999985694885,0.9449999928474426,0.059823671355843544,0.16007204353809357,0.8931999921798706,0.8982000470161438
23,Spiral 04,False,precision,1.0275226869463874,0.042943473905324936,0.05565763637423515,0.17994029819965363,0.8880000114440918,0.9509999752044678,0.06197908893227577,0.20435097813606262,0.8909999847412109,0.8902000308036804
91,Superellipse 02,False,sliced_w1,1.015150038155339,0.03299901261925697,0.08693785220384598,0.1425691545009613,0.8989999890327454,0.9139999747276306,0.08564039692282677,0.17852433398365974,0.8722000241279602,0.8669999957084655
48,Polygon 09,True,,0.9982933339734557,0.0363098680973053,0.027294619008898735,0.13750356435775757,0.8830000162124634,0.9290000200271606,0.060020679607987404,0.19997090846300125,0.8827999949455261,0.8665999889373779
70,Wave 01,True,,0.9924385494823801,0.03085523657500744,0.03750374913215637,0.09538590908050537,0.8949999809265137,0.972000002861023,0.04958527721464634,0.1122620478272438,0.8941999793052673,0.9124000191688537
87,Gaussian Ring 08,True,,0.9880891951187107,0.03325384855270386,0.06563305854797363,0.11296253651380539,0.9079999923706055,0.9229999780654907,0.06642422452569008,0.12413643300533295,0.8929999589920044,0.8905999779701232
81,Gaussian Ring 02,True,,0.9774425145306593,0.020199432969093323,0.03688543662428856,0.043975017964839935,0.9390000104904175,0.9419999718666077,0.06768429279327393,0.044989876449108124,0.8783999800682067,0.9026000022888183
43,Polygon 04,True,,0.959302043515084,0.03787100315093994,0.027839932590723038,0.13595186173915863,0.9010000228881836,0.953000009059906,0.09832247346639633,0.1811932995915413,0.8967999935150146,0.8925999522209167
21,Spiral 02,True,,0.9362145444216651,0.03720051422715187,0.04178537055850029,0.11931505054235458,0.9089999794960022,0.9470000267028809,0.06473519839346409,0.14738789945840836,0.9028000354766845,0.9078000307083129
93,Superellipse 04,True,,0.8962267333818864,0.03597632423043251,0.04609951749444008,0.12634782493114471,0.9049999713897705,0.9290000200271606,0.07837622612714767,0.16275887936353683,0.8940000057220459,0.9012000083923339
46,Polygon 07,True,,0.889235864631045,0.0377994030714035,0.0636354610323906,0.16694104671478271,0.8859999775886536,0.9330000281333923,0.12540648132562637,0.20541011542081833,0.8718000173568725,0.8884000301361084
86,Gaussian Ring 07,True,,0.8824746404904318,0.029073020443320274,0.03185711428523064,0.09103569388389587,0.9240000247955322,0.925000011920929,0.07952835224568844,0.10315955802798271,0.8884000301361084,0.8880000233650207
11,Ellipse 02,True,,0.8727719629400299,0.03488794341683388,0.03775276988744736,0.12449423968791962,0.9190000295639038,0.9440000057220459,0.06529377400875092,0.14264234527945518,0.8909999847412109,0.8972000002861023
22,Spiral 03,True,,0.8713351649621099,0.036307383328676224,0.03760380670428276,0.14935854077339172,0.8930000066757202,0.8920000195503235,0.0731569156050682,0.1942513883113861,0.8771999597549438,0.8496000289916992
88,Gaussian Ring 09,True,,0.8639999259948656,0.031154824420809746,0.027226299047470093,0.10538986325263977,0.906000018119812,0.8920000195503235,0.06333920359611511,0.12628335133194923,0.8823999881744384,0.8750000119209289
10,Ellipse 01,True,,0.8442771563650747,0.03466730937361717,0.02680067904293537,0.1091964989900589,0.9100000262260437,0.9620000123977661,0.07246572710573673,0.1416335441172123,0.893399965763092,0.8995999813079834
47,Polygon 08,True,,0.8316635468784654,0.03978218883275986,0.024281883612275124,0.14954012632369995,0.9169999957084656,0.949999988079071,0.07147748954594135,0.19002458453178406,0.9002000212669372,0.8994000077247619
80,Gaussian Ring 01,True,,0.8311644027674153,0.014922206290066242,0.03510632738471031,0.03232654929161072,0.9359999895095825,0.9150000214576721,0.10893482342362404,0.038893086835742,0.8866000294685363,0.8859999895095825
49,Polygon 10,True,,0.8040771889914302,0.03552340716123581,0.031412169337272644,0.15178270637989044,0.9010000228881836,0.9160000085830688,0.05129210650920868,0.18876633793115616,0.8750000119209289,0.8672000288963317
99,Superellipse 10,True,,0.8038586626385937,0.0378958098590374,0.05495375767350197,0.1496131271123886,0.8999999761581421,0.9190000295639038,0.09315537102520466,0.19208624213933945,0.875599992275238,0.8775999665260314
90,Superellipse 01,True,,0.7988162306612621,0.037970125675201416,0.036327410489320755,0.11484719812870026,0.9190000295639038,0.9430000185966492,0.05032298527657986,0.14640310406684875,0.8985999941825866,0.8967999935150146
82,Gaussian Ring 03,True,,0.7933883002918456,0.02123602107167244,0.0507386289536953,0.04316544532775879,0.9350000023841858,0.9039999842643738,0.09520173445343971,0.056794021278619766,0.8823999881744384,0.8789999604225158
85,Gaussian Ring 06,True,,0.7770269249829389,0.026653025299310684,0.031697023659944534,0.06891341507434845,0.9079999923706055,0.9350000023841858,0.12168414518237114,0.10291467234492302,0.8815999746322631,0.8869999766349792
16,Ellipse 07,True,,0.7756931856033891,0.03654438257217407,0.018338635563850403,0.12383798509836197,0.9290000200271606,0.9449999928474426,0.049348192289471626,0.15964815393090248,0.8984000205993652,0.8839999556541442
96,Superellipse 07,True,,0.7727270609091179,0.03704793378710747,0.04073115810751915,0.1331373155117035,0.9150000214576721,0.9200000166893005,0.05334318056702614,0.19228781014680862,0.8899999976158142,0.8761999726295471
84,Gaussian Ring 05,True,,0.7477787640664918,0.02500326558947563,0.03803616017103195,0.06742830574512482,0.9269999861717224,0.925000011920929,0.06801020354032516,0.0901714637875557,0.8855999827384948,0.8881999969482421
13,Ellipse 04,True,,0.7390815282465641,0.034585703164339066,0.03824568912386894,0.11617995798587799,0.9300000071525574,0.9419999718666077,0.0802722629159689,0.1571950502693653,0.903000009059906,0.8905999779701232
92,Superellipse 03,True,,0.7054915684190776,0.035283513367176056,0.03280934318900108,0.1250961720943451,0.9190000295639038,0.9459999799728394,0.07501463033258915,0.17731774225831032,0.8746000051498413,0.885800015926361
17,Ellipse 08,True,,0.7006057902662138,0.036616187542676926,0.07428596168756485,0.1255713701248169,0.9229999780654907,0.9409999847412109,0.10603104159235954,0.18388845026493073,0.8873999834060669,0.875599992275238
98,Superellipse 09,True,,0.6977711466559172,0.04038415849208832,0.04466070607304573,0.13147158920764923,0.9269999861717224,0.9480000138282776,0.07953401282429695,0.188416488468647,0.8827999949455261,0.8944000124931335
15,Ellipse 06,True,,0.6975269291407888,0.037178345024585724,0.027269812300801277,0.119033083319664,0.9399999976158142,0.9449999928474426,0.0724821500480175,0.1706501618027687,0.9062000036239624,0.9019999623298645
41,Polygon 02,True,,0.6608033292344484,0.039282429963350296,0.03198380768299103,0.11786267161369324,0.9340000152587891,0.9649999737739563,0.07959785498678684,0.17836270853877068,0.8917999982833862,0.9080000042915344
19,Ellipse 10,True,,0.6592352032826081,0.03839432820677757,0.028911905363202095,0.12698468565940857,0.9390000104904175,0.9419999718666077,0.07571856491267681,0.19262424856424332,0.8985999941825866,0.8923999786376953
18,Ellipse 09,True,,0.655430596646915,0.036345068365335464,0.07346966117620468,0.12641532719135284,0.9300000071525574,0.9309999942779541,0.17136088013648987,0.193429134786129,0.8931999921798706,0.8850000023841857
12,Ellipse 03,True,,0.6469500160524888,0.03326551616191864,0.034479621797800064,0.0935121476650238,0.9300000071525574,0.9409999847412109,0.09146424941718578,0.1484851911664009,0.8917999982833862,0.8776000261306762
94,Superellipse 05,True,,0.6243922872930686,0.04054306074976921,0.0332825742661953,0.11266640573740005,0.953000009059906,0.9649999737739563,0.06845569610595703,0.1804416999220848,0.9078000307083129,0.9024000287055969
95,Superellipse 06,True,,0.6238355871537726,0.03826811909675598,0.035985056310892105,0.11033089458942413,0.9330000281333923,0.953000009059906,0.07091143727302551,0.17784495279192924,0.8925999522209167,0.8931999921798706
97,Superellipse 08,True,,0.619704410427232,0.03782903403043747,0.055167701095342636,0.12047488987445831,0.9380000233650208,0.9300000071525574,0.11628790944814682,0.19440702348947525,0.8894000172615051,0.8850000023841857
14,Ellipse 05,True,,0.6177150069312107,0.03675545006990433,0.03494122996926308,0.09136994928121567,0.9470000267028809,0.9649999737739563,0.09402280300855637,0.1479160264134407,0.899999988079071,0.899999988079071
