class_id,name,passed,failed_checks,severity,radius,sliced_w1,grid_js,precision,coverage,sliced_w1_threshold,grid_js_threshold,precision_threshold,coverage_threshold
26,Spiral 07,False,grid_js;precision;coverage,5.533473121608814,0.051080260425806046,0.045636262744665146,0.49363797903060913,0.47099998593330383,0.7749999761581421,0.06276746280491352,0.2689524292945862,0.9044000029563903,0.9051999568939209
56,Star 07,False,grid_js;precision;coverage,5.281688523495074,0.05140548571944237,0.03282780200242996,0.49143218994140625,0.4749999940395355,0.8130000233650208,0.052369410172104836,0.31553252041339874,0.9005999684333801,0.8976000070571899
27,Spiral 08,False,grid_js;precision;coverage,5.233919840905505,0.051800549030303955,0.03749644011259079,0.5072635412216187,0.46299999952316284,0.7829999923706055,0.041394637897610664,0.2900591790676117,0.8974000334739685,0.8979999542236328
52,Star 03,False,grid_js;precision;coverage,5.230625637423081,0.041292063891887665,0.05117809399962425,0.48955368995666504,0.43299999833106995,0.718999981880188,0.07581263221800327,0.2149892896413803,0.89159996509552,0.8931999921798706
28,Spiral 09,False,grid_js;precision;coverage,4.848483826795446,0.05494091659784317,0.059974782168865204,0.49263012409210205,0.5199999809265137,0.8190000057220459,0.07702376134693623,0.3241598457098007,0.9009999752044677,0.8899999976158142
54,Star 05,False,grid_js;precision;coverage,4.813084814973222,0.046878889203071594,0.050350531935691833,0.508261501789093,0.48500001430511475,0.7350000143051147,0.06986545398831367,0.2696184441447258,0.8930000185966491,0.8902000308036804
53,Star 04,False,grid_js;precision;coverage,4.60478005225049,0.04328998923301697,0.03623218834400177,0.44823554158210754,0.49900001287460327,0.7319999933242798,0.05540183745324612,0.24629954248666763,0.8912000179290771,0.8868000030517578
25,Spiral 06,False,grid_js;precision;coverage,4.518443795551609,0.049248237162828445,0.03883342817425728,0.4475804567337036,0.5590000152587891,0.8259999752044678,0.06822241097688675,0.2503799647092819,0.9024000287055969,0.8998000144958496
24,Spiral 05,False,grid_js;precision;coverage,4.453125018189893,0.044281553477048874,0.035634368658065796,0.4039545953273773,0.5440000295639038,0.8029999732971191,0.046703475527465343,0.22880758345127106,0.8976000070571899,0.8959999799728393
89,Gaussian Ring 10,False,grid_js;precision;coverage,4.343853850202635,0.03506933152675629,0.06035136431455612,0.4043017029762268,0.47699999809265137,0.8769999742507935,0.07270225323736668,0.12769071757793427,0.8796000003814697,0.898199987411499
57,Star 08,False,grid_js;precision;coverage,4.269776134425495,0.05737371742725372,0.03500724956393242,0.47992774844169617,0.5789999961853027,0.8180000185966492,0.07133465074002743,0.343773677945137,0.9013999819755554,0.9052000164985656
23,Spiral 04,False,grid_js;precision;coverage,4.14678861155538,0.042943473905324936,0.051860734820365906,0.40499359369277954,0.5479999780654907,0.8199999928474426,0.06197908893227577,0.20435097813606262,0.8909999847412109,0.8902000308036804
55,Star 06,False,grid_js;precision;coverage,4.106556372692713,0.04731620475649834,0.04162050783634186,0.48864850401878357,0.49900001287460327,0.7289999723434448,0.08905701711773872,0.3123648092150688,0.8779999732971191,0.8873999834060669
58,Star 09,False,grid_js;precision;coverage,4.061896495649723,0.05755482614040375,0.04515623301267624,0.48227357864379883,0.5799999833106995,0.8270000219345093,0.06421681679785252,0.36752332001924515,0.8966000199317932,0.8995999813079834
39,Rose 10,False,grid_js;precision;coverage,4.024640952381883,0.0693979263305664,0.03549623116850853,0.5011595487594604,0.6079999804496765,0.8809999823570251,0.0629686787724495,0.4117400497198105,0.9026000022888183,0.9078000307083129
29,Spiral 10,False,grid_js;precision;coverage,3.965231349396783,0.053311653435230255,0.03504401072859764,0.5062304735183716,0.5210000276565552,0.7929999828338623,0.05562441051006317,0.3304452896118164,0.879199993610382,0.8844000220298767
78,Wave 09,False,grid_js;precision;coverage,3.8918444035408104,0.047796592116355896,0.03540976345539093,0.4265821874141693,0.5609999895095825,0.8019999861717224,0.05356532335281372,0.27803338319063187,0.8872000098228454,0.8779999732971191
76,Wave 07,False,grid_js;precision;coverage,3.881988213827439,0.04725441709160805,0.043932005763053894,0.37571144104003906,0.625,0.8489999771118164,0.058187395334243774,0.2621064931154251,0.9034000158309936,0.9002000212669372
35,Rose 06,False,grid_js;precision;coverage,3.8731063246518613,0.05590943619608879,0.054357267916202545,0.44822096824645996,0.5910000205039978,0.777999997138977,0.10513338446617126,0.3211321234703064,0.8944000124931335,0.9063999772071838
87,Gaussian Ring 08,False,sliced_w1;grid_js;precision,3.859811488963562,0.03325384855270386,0.07348018884658813,0.3154268264770508,0.5870000123977661,0.8939999938011169,0.06642422452569008,0.12413643300533295,0.8929999589920044,0.8905999779701232
60,Lissajous 01,False,grid_js;precision;coverage,3.7864079027661077,0.050700776278972626,0.05521775409579277,0.46486982703208923,0.5320000052452087,0.7639999985694885,0.10500602424144745,0.31488747149705887,0.8764000058174133,0.879199993610382
68,Lissajous 09,False,grid_js;precision;coverage,3.6535010667305574,0.05849973484873772,0.03388863801956177,0.4857814908027649,0.5929999947547913,0.8190000057220459,0.0967944860458374,0.37007850408554077,0.8886000037193298,0.8990000009536743
32,Rose 03,False,grid_js;precision;coverage,3.6435335441620618,0.054107699543237686,0.05788283422589302,0.4820517897605896,0.5379999876022339,0.8159999847412109,0.07075522653758526,0.3689858615398407,0.8732000112533569,0.8741999983787536
88,Gaussian Ring 09,False,grid_js;precision;coverage,3.6309518982455544,0.031154824420809746,0.05284498631954193,0.3311593532562256,0.5730000138282776,0.8370000123977661,0.06333920359611511,0.12628335133194923,0.8823999881744384,0.8750000119209289
61,Lissajous 02,False,grid_js;precision;coverage,3.6089493475320706,0.05469255521893501,0.06984651833772659,0.4426104426383972,0.6290000081062317,0.8009999990463257,0.11058786883950233,0.34782470762729645,0.8972000002861023,0.8894000172615051
59,Star 10,False,grid_js;precision;coverage,3.586600412031602,0.05411144345998764,0.0380035899579525,0.4835297465324402,0.5609999895095825,0.7829999923706055,0.06087810918688774,0.3671155571937561,0.8775999665260314,0.8854000091552734
77,Wave 08,False,grid_js;precision;coverage,3.580246121914697,0.04789159074425697,0.04747940972447395,0.38228386640548706,0.593999981880188,0.8450000286102295,0.07803565263748169,0.27053341269493103,0.8865999698638916,0.8775999665260314
79,Wave 10,False,grid_js;precision;coverage,3.5379077083037895,0.050808560103178024,0.049958862364292145,0.4310734272003174,0.6079999804496765,0.8270000219345093,0.06740742176771164,0.31467070430517197,0.8892000436782836,0.8736000180244445
37,Rose 08,False,grid_js;precision;coverage,3.531022261030502,0.06160728633403778,0.04495587944984436,0.4960273504257202,0.6129999756813049,0.8550000190734863,0.05598555877804756,0.36481234431266785,0.8904000043869018,0.9006000280380249
1,Checkerboard 5x5,False,precision;coverage,3.358070552218812,0.07166717201471329,0.04810693487524986,0.5328657627105713,0.6380000114440918,0.8479999899864197,0.08597121387720108,0.5451672524213791,0.8922000050544738,0.8894000172615051
75,Wave 06,False,grid_js;precision;coverage,3.2974899080710744,0.04135989770293236,0.06423849612474442,0.3470273017883301,0.6320000290870667,0.8109999895095825,0.0782657079398632,0.22202711552381516,0.8883999705314636,0.8859999895095825
62,Lissajous 03,False,grid_js;precision;coverage,3.2235698862883897,0.05781587213277817,0.03309740126132965,0.47125864028930664,0.628000020980835,0.7850000262260437,0.0656299777328968,0.4271431714296341,0.8845999956130981,0.8650000214576721
74,Wave 05,False,grid_js;precision;coverage,3.1675393078620706,0.04004129394888878,0.03564463555812836,0.33566492795944214,0.6370000243186951,0.8379999995231628,0.07568966969847679,0.196018785238266,0.8854000091552734,0.8980000138282775
30,Rose 01,False,grid_js;precision;coverage,3.0620154465672518,0.043037593364715576,0.029286691918969154,0.37915554642677307,0.6050000190734863,0.8199999928474426,0.07162580452859402,0.2667086273431778,0.8710000038146972,0.8729999780654907
3,Checkerboard 7x7,False,precision;coverage,3.0597011605890128,0.07692138105630875,0.041761092841625214,0.5370020866394043,0.671999990940094,0.8730000257492065,0.09364876337349415,0.5728066116571426,0.8927999854087829,0.8990000009536743
65,Lissajous 06,False,grid_js;precision;coverage,3.0388359661232562,0.0657438114285469,0.05701400339603424,0.4541090726852417,0.6869999766349792,0.8629999756813049,0.09579380974173546,0.4381321370601654,0.8970000267028808,0.9009999752044677
2,Checkerboard 6x6,False,precision;coverage,3.03249076692984,0.07371575385332108,0.040977366268634796,0.5259237289428711,0.6639999747276306,0.8539999723434448,0.07523651048541069,0.5340853482484818,0.8891999840736389,0.8857999563217163
34,Rose 05,False,precision,2.9499998152256217,0.06834229826927185,0.03794459253549576,0.45039114356040955,0.7049999833106995,0.9139999747276306,0.07369673252105713,0.4902534484863281,0.899999988079071,0.8863999962806701
0,Checkerboard 4x4,False,precision;coverage,2.8947373747176486,0.07138524949550629,0.061526890844106674,0.502251386642456,0.6589999794960022,0.8899999856948853,0.08379479683935642,0.5230985730886459,0.882200014591217,0.8990000009536743
85,Gaussian Ring 06,False,grid_js;precision;coverage,2.8293911044516795,0.026653025299310684,0.04438868537545204,0.2479037642478943,0.6650000214576721,0.8730000257492065,0.12168414518237114,0.10291467234492302,0.8815999746322631,0.8869999766349792
31,Rose 02,False,grid_js;precision;coverage,2.7617338890410674,0.039837561547756195,0.026378938928246498,0.2767091393470764,0.6940000057220459,0.8700000047683716,0.08781437203288078,0.1991894245147705,0.8892000436782836,0.885800015926361
33,Rose 04,False,grid_js;precision;coverage,2.719780414719553,0.04795217514038086,0.03701679781079292,0.33561551570892334,0.703000009059906,0.8629999756813049,0.06072094291448593,0.2591095268726349,0.8908000111579895,0.8962000131607055
63,Lissajous 04,False,grid_js;precision;coverage,2.6904372912871732,0.06246998533606529,0.03808016702532768,0.4592928886413574,0.6679999828338623,0.8230000138282776,0.05749146267771721,0.4364413172006607,0.8765999794006347,0.8808000206947326
64,Lissajous 05,False,precision,2.5000005913161196,0.07340643554925919,0.06304176896810532,0.4576210379600525,0.7480000257492065,0.9200000166893005,0.10231659561395645,0.46485865116119385,0.8992000341415405,0.8984000205993652
5,Checkerboard 9x9,False,precision,2.3988443588158717,0.07997740060091019,0.032758645713329315,0.5001180171966553,0.7509999871253967,0.9160000085830688,0.08110426180064678,0.5986270755529404,0.8962000131607055,0.9051999568939209
67,Lissajous 08,False,precision;coverage,2.3791092602293973,0.0721658393740654,0.045134034007787704,0.4638816714286804,0.7540000081062317,0.890999972820282,0.07011404447257519,0.47925518453121185,0.8965999603271484,0.8931999921798706
4,Checkerboard 8x8,False,precision,2.287521917902123,0.08036118000745773,0.07044372707605362,0.505979597568512,0.746999979019165,0.9100000262260437,0.07722317799925804,0.5823334157466888,0.8893999576568603,0.8913999915122985
50,Star 01,False,grid_js;precision;coverage,2.226212154660895,0.035679835826158524,0.030069822445511818,0.20723599195480347,0.7519999742507935,0.8889999985694885,0.06340185552835464,0.15975840389728546,0.8886000037193298,0.899999988079071
6,Checkerboard 10x10,False,precision,2.185114782763196,0.08113076537847519,0.07024756073951721,0.5345296263694763,0.7710000276565552,0.8939999938011169,0.08970045112073421,0.5968991965055466,0.8952000260353088,0.8886000037193298
66,Lissajous 07,False,precision;coverage,2.1048111910084226,0.07035468518733978,0.04253901168704033,0.45048943161964417,0.7549999952316284,0.8610000014305115,0.08732200227677822,0.4814843237400055,0.8836000084877014,0.8922000050544738
73,Wave 04,False,grid_js;precision,2.0711299158090593,0.040217988193035126,0.043508097529411316,0.19524332880973816,0.8019999861717224,0.9290000200271606,0.08297176100313663,0.17470110207796097,0.9044000029563903,0.8929999589920044
51,Star 02,False,grid_js;precision,2.0036767525631087,0.039975762367248535,0.041936568915843964,0.23325997591018677,0.7820000052452087,0.9110000133514404,0.08012922294437885,0.21988463401794434,0.8912000179290771,0.8959999799728393
21,Spiral 02,False,grid_js;precision,1.9238687745623955,0.03720051422715187,0.052930768579244614,0.18719159066677094,0.8130000233650208,0.9409999847412109,0.06473519839346409,0.14738789945840836,0.9028000354766845,0.9078000307083129
69,Lissajous 10,False,precision,1.916525253690411,0.06891298294067383,0.04439384490251541,0.4294683337211609,0.7749999761581421,0.8809999823570251,0.09089072607457638,0.4844146817922592,0.8826000213623046,0.8729999780654907
36,Rose 07,False,precision,1.797153485376814,0.07368776947259903,0.039194412529468536,0.42522457242012024,0.7979999780654907,0.9269999861717224,0.10343077406287193,0.47523464262485504,0.8876000165939331,0.8987999677658081
42,Polygon 03,False,grid_js;precision,1.789999986886979,0.04003876447677612,0.04760723188519478,0.21697255969047546,0.8209999799728394,0.9409999847412109,0.08106730878353119,0.19641995429992676,0.899999988079071,0.9026000022888183
22,Spiral 03,False,grid_js;precision,1.7508135448889803,0.036307383328676224,0.04609714448451996,0.217129647731781,0.7850000262260437,0.8709999918937683,0.0731569156050682,0.1942513883113861,0.8771999597549438,0.8496000289916992
43,Polygon 04,False,grid_js;precision,1.6860466459451973,0.03787100315093994,0.02872662991285324,0.18450921773910522,0.8259999752044678,0.9100000262260437,0.09832247346639633,0.1811932995915413,0.8967999935150146,0.8925999522209167
40,Polygon 01,False,grid_js;precision,1.685393201990303,0.0356798879802227,0.046308889985084534,0.1736065298318863,0.8199999928474426,0.9240000247955322,0.059823671355843544,0.16007204353809357,0.8931999921798706,0.8982000470161438
44,Polygon 05,False,grid_js;precision,1.5895366417938275,0.04020966961979866,0.037806034088134766,0.2232578843832016,0.8420000076293945,0.9240000247955322,0.09360044449567795,0.2081112563610077,0.9005999684333801,0.8982000470161438
7,Checkerboard 11x11,False,precision,1.5073521315062026,0.08137199282646179,0.02869640290737152,0.4666740894317627,0.8360000252723694,0.949999988079071,0.07185378111898899,0.6192136108875275,0.8911999583244323,0.8904000043869018
86,Gaussian Ring 07,False,grid_js;precision,1.4964161362421542,0.029073020443320274,0.04072664678096771,0.15244315564632416,0.8330000042915344,0.9229999780654907,0.07952835224568844,0.10315955802798271,0.8884000301361084,0.8880000233650207
38,Rose 09,False,precision,1.4678029330229971,0.07551118731498718,0.0391819141805172,0.42202457785606384,0.8450000286102295,0.9549999833106995,0.05858244560658932,0.5108136981725693,0.8944000124931335,0.8985999941825866
20,Spiral 01,False,grid_js;precision;coverage,1.3912312218982437,0.030323462560772896,0.052179351449012756,0.15206247568130493,0.8349999785423279,0.8690000176429749,0.09078947268426418,0.12823257967829704,0.8814000010490417,0.8777999997138977
45,Polygon 06,False,grid_js;precision,1.3908449577253017,0.036789488047361374,0.04405396059155464,0.18560850620269775,0.8420000076293945,0.8960000276565552,0.07012786902487278,0.17883778363466263,0.8863999962806701,0.8911999583244323
84,Gaussian Ring 05,False,grid_js;precision;coverage,1.325620450929217,0.02500326558947563,0.03858869895339012,0.11953313648700714,0.8790000081062317,0.8809999823570251,0.06801020354032516,0.0901714637875557,0.8855999827384948,0.8881999969482421
83,Gaussian Ring 04,False,grid_js,1.3038585704381882,0.03007221594452858,0.06372077018022537,0.08599192649126053,0.9200000166893005,0.9599999785423279,0.16898216307163239,0.06595188193023205,0.9075999975204467,0.9203999757766723
9,Checkerboard 13x13,False,precision,1.2894249080413078,0.08546042442321777,0.03293488547205925,0.48403143882751465,0.8610000014305115,0.9290000200271606,0.06901359558105469,0.6399252712726593,0.8922000050544738,0.9012000083923339
72,Wave 03,False,precision,1.2878789442598528,0.03771664947271347,0.03271332383155823,0.13623324036598206,0.8809999823570251,0.9399999976158142,0.06279058009386063,0.14563626050949097,0.9075999975204467,0.9020000219345092
70,Wave 01,False,precision,1.2759920988368754,0.03085523657500744,0.027424877509474754,0.09800074994564056,0.8650000095367432,0.9610000252723694,0.04958527721464634,0.1122620478272438,0.8941999793052673,0.9124000191688537
8,Checkerboard 12x12,False,precision,1.2695312909272638,0.0854293629527092,0.0385734923183918,0.4969940781593323,0.8700000047683716,0.9309999942779541,0.11369935423135757,0.6404920667409897,0.8976000070571899,0.8895999908447265
71,Wave 02,False,sliced_w1;precision,1.2651822937027561,0.0316920205950737,0.07165645062923431,0.12806794047355652,0.875,0.9309999942779541,0.06848274171352386,0.12852688506245613,0.9012000083923339,0.8925999522209167
47,Polygon 08,False,precision,1.1623248635393766,0.03978218883275986,0.028843728825449944,0.1591065526008606,0.8840000033378601,0.9179999828338623,0.07147748954594135,0.19002458453178406,0.9002000212669372,0.8994000077247619
41,Polygon 02,False,precision,1.1460259788107139,0.039282429963350296,0.026537928730249405,0.15664105117321014,0.8759999871253967,0.9599999785423279,0.07959785498678684,0.17836270853877068,0.8917999982833862,0.9080000042915344
46,Polygon 07,False,precision,1.0920437180136415,0.0377994030714035,0.06888476014137268,0.17500434815883636,0.8600000143051147,0.9330000281333923,0.12540648132562637,0.20541011542081833,0.8718000173568725,0.8884000301361084
82,Gaussian Ring 03,False,grid_js,1.084546164321356,0.02123602107167244,0.04785754531621933,0.06159573793411255,0.9259999990463257,0.8859999775886536,0.09520173445343971,0.056794021278619766,0.8823999881744384,0.8789999604225158
48,Polygon 09,False,precision,1.0665528550267611,0.0363098680973053,0.02978588081896305,0.15835261344909668,0.875,0.9139999747276306,0.060020679607987404,0.19997090846300125,0.8827999949455261,0.8665999889373779
10,Ellipse 01,False,precision,1.0318947371128477,0.03466730937361717,0.02824907749891281,0.11425021290779114,0.8899999856948853,0.9570000171661377,0.07246572710573673,0.1416335441172123,0.893399965763092,0.8995999813079834
90,Superellipse 01,False,precision,1.0256406940519618,0.037970125675201416,0.03183717280626297,0.12674644589424133,0.8960000276565552,0.9649999737739563,0.05032298527657986,0.14640310406684875,0.8985999941825866,0.8967999935150146
91,Superellipse 02,True,,0.8675689361470194,0.03299901261925697,0.07429894804954529,0.1343560516834259,0.8949999809265137,0.9229999780654907,0.08564039692282677,0.17852433398365974,0.8722000241279602,0.8669999957084655
81,Gaussian Ring 02,True,,0.8610390864261442,0.020199432969093323,0.04083782061934471,0.03873804211616516,0.9359999895095825,0.9279999732971191,0.06768429279327393,0.044989876449108124,0.8783999800682067,0.9026000022888183
92,Superellipse 03,True,,0.8532695192861433,0.035283513367176056,0.038627661764621735,0.128562331199646,0.8930000066757202,0.9390000104904175,0.07501463033258915,0.17731774225831032,0.8746000051498413,0.885800015926361
96,Superellipse 07,True,,0.8446914042201098,0.03704793378710747,0.04505852609872818,0.14521583914756775,0.9210000038146973,0.9169999957084656,0.05334318056702614,0.19228781014680862,0.8899999976158142,0.8761999726295471
49,Polygon 10,True,,0.8239999603271444,0.03552340716123581,0.03094027377665043,0.14922069013118744,0.8970000147819519,0.9100000262260437,0.05129210650920868,0.18876633793115616,0.8750000119209289,0.8672000288963317
80,Gaussian Ring 01,True,,0.8177549010043645,0.014922206290066242,0.05923118069767952,0.03180501237511635,0.9380000233650208,0.9139999747276306,0.10893482342362404,0.038893086835742,0.8866000294685363,0.8859999895095825
93,Superellipse 04,True,,0.771219961321351,0.03597632423043251,0.04474588856101036,0.1255228966474533,0.925000011920929,0.9390000104904175,0.07837622612714767,0.16275887936353683,0.8940000057220459,0.9012000083923339
99,Superellipse 10,True,,0.7649631154330419,0.0378958098590374,0.052030298858881,0.14693889021873474,0.906000018119812,0.9380000233650208,0.09315537102520466,0.19208624213933945,0.875599992275238,0.8775999665260314
11,Ellipse 02,True,,0.7618792798576495,0.03488794341683388,0.03470642492175102,0.1086762472987175,0.9229999780654907,0.9409999847412109,0.06529377400875092,0.14264234527945518,0.8909999847412109,0.8972000002861023
19,Ellipse 10,True,,0.7593690090428584,0.03839432820677757,0.02626514434814453,0.12821394205093384,0.9229999780654907,0.9409999847412109,0.07571856491267681,0.19262424856424332,0.8985999941825866,0.8923999786376953
17,Ellipse 08,True,,0.7544869491570503,0.036616187542676926,0.07999903708696365,0.12931014597415924,0.925000011920929,0.9309999942779541,0.10603104159235954,0.18388845026493073,0.8873999834060669,0.875599992275238
98,Superellipse 09,True,,0.7423208928816085,0.04038415849208832,0.04416322335600853,0.13926886022090912,0.9129999876022339,0.9520000219345093,0.07953401282429695,0.188416488468647,0.8827999949455261,0.8944000124931335
13,Ellipse 04,True,,0.734327604808193,0.034585703164339066,0.03710133209824562,0.11543266475200653,0.9580000042915344,0.9350000023841858,0.0802722629159689,0.1571950502693653,0.903000009059906,0.8905999779701232
16,Ellipse 07,True,,0.7042936771420522,0.03654438257217407,0.021238818764686584,0.11243918538093567,0.9409999847412109,0.9459999799728394,0.049348192289471626,0.15964815393090248,0.8984000205993652,0.8839999556541442
14,Ellipse 05,True,,0.6921147700294259,0.03675545006990433,0.027839289978146553,0.10237486660480499,0.9539999961853027,0.9629999995231628,0.09402280300855637,0.1479160264134407,0.899999988079071,0.899999988079071
18,Ellipse 09,True,,0.6862846265481363,0.036345068365335464,0.06902254372835159,0.13274744153022766,0.9269999861717224,0.925000011920929,0.17136088013648987,0.193429134786129,0.8931999921798706,0.8850000023841857
97,Superellipse 08,True,,0.6831803739174868,0.03782903403043747,0.05939069390296936,0.13281506299972534,0.9300000071525574,0.9269999861717224,0.11628790944814682,0.19440702348947525,0.8894000172615051,0.8850000023841857
95,Superellipse 06,True,,0.6797018747927849,0.03826811909675598,0.038234613835811615,0.10872289538383484,0.9269999861717224,0.9520000219345093,0.07091143727302551,0.17784495279192924,0.8925999522209167,0.8931999921798706
15,Ellipse 06,True,,0.6652443995503547,0.037178345024585724,0.03246067464351654,0.11352406442165375,0.9399999976158142,0.9570000171661377,0.0724821500480175,0.1706501618027687,0.9062000036239624,0.9019999623298645
12,Ellipse 03,True,,0.6320387348405078,0.03326551616191864,0.03032827191054821,0.09384839236736298,0.9319999814033508,0.9380000233650208,0.09146424941718578,0.1484851911664009,0.8917999982833862,0.8776000261306762
94,Superellipse 05,True,,0.6307369064319698,0.04054306074976921,0.03152833506464958,0.11381123960018158,0.9470000267028809,0.9639999866485596,0.06845569610595703,0.1804416999220848,0.9078000307083129,0.9024000287055969
